SET NAMES UTF8;
DROP DATABASE IF EXISTS iweb;
CREATE DATABASE iweb CHARSET=UTF8;
USE iweb;

/*用户表*/
CREATE TABLE user(
    uid INT PRIMARY KEY AUTO_INCREMENT,/*用户编号*/
    uname VARCHAR(32),      /*邮箱*/
    phone VARCHAR(11),      /*手机号*/
    upwd VARCHAR(32),       /*密码*/
    nickname VARCHAR(32),   /*昵称*/
    sex VARCHAR(1),         /*性别,男-M，女-F*/
    age VARCHAR(3),         /*年龄*/
    edu VARCHAR(32),        /*学历*/
    job VARCHAR(32)         /*职业*/
);
INSERT INTO user VALUES
(1,'admin','13555555555','111111','','','','',''),
(2,'test@126.com','13666666666','123456','','','','','');

/*老师表*/
CREATE TABLE teacher(
    tid INT PRIMARY KEY AUTO_INCREMENT,/*编号*/
    tname VARCHAR(32),          /*姓名*/
    maincourse VARCHAR(32),     /*主yao*/
    tpic VARCHAR(64),           /*照片*/
    experience VARCHAR(1024),   /*经历*/
    style VARCHAR(1024)         
);
INSERT INTO teacher VALUES
(1,'张东','合作人','img-teacher/zd.jpg','',''),
(2,'李文华','合作人','img-teacher/lwh.jpg','',''),
(3,'赵旭','合作人','img-teacher/zx.jpg','',''),
(4,'张众磊','合作人','img-teacher/zzl.jpg','','');

/*课程类型表*/
CREATE TABLE type(
    tpid INT PRIMARY KEY AUTO_INCREMENT,/*类型id*/
    tpname VARCHAR(32)      /*类型名称*/
);
INSERT INTO type VALUES
(1,'基础菜品'),
(2,'核心菜品'),
(3,'进阶菜品');

/*课程表*/
CREATE TABLE course(
    cid INT PRIMARY KEY AUTO_INCREMENT,/*课程ID*/
    typeId INT,             
    title VARCHAR(32),    
    teacherId INT,         
    cLength VARCHAR(32),    
    startTime VARCHAR(32),  
    address VARCHAR(64),    
    pic VARCHAR(64),        
    price FLOAT(8,2),     
    details VARCHAR(2048)  
);
INSERT INTO course VALUES
(NULL,'1','菜品指南','1','1天','每周一开','各地区','img-course/01.png','799.00','<P>话说有两个地方是我挪不动脚的，一个是图书馆，另外一个便是菜市场！ 每周有七天，留给自己的时间却很少。既要带儿子去上早教课，又要陪女儿上兴趣班，还要留一个半天带孩子们泡图书馆！ 有时真的觉得妈妈是这个世界上最伟大的职业，累，并快乐着！ 这个时节正是各类果蔬大量上市的时候，拖着买菜专用的小拉车，徜徉在人声鼎沸的菜市场，从海鲜区、肉类区再慢慢逛到我最喜爱的果蔬区，感受季节的变换带给人们餐桌上的喜悦………… </p>'),
(NULL,'2','菜品指南','2','1天','每周一开','各地区','img-course/02.png','799.00','<P>话说有两个地方是我挪不动脚的，一个是图书馆，另外一个便是菜市场！ 每周有七天，留给自己的时间却很少。既要带儿子去上早教课，又要陪女儿上兴趣班，还要留一个半天带孩子们泡图书馆！ 有时真的觉得妈妈是这个世界上最伟大的职业，累，并快乐着！ 这个时节正是各类果蔬大量上市的时候，拖着买菜专用的小拉车，徜徉在人声鼎沸的菜市场，从海鲜区、肉类区再慢慢逛到我最喜爱的果蔬区，感受季节的变换带给人们餐桌上的喜悦………… </p>'),
(NULL,'3','菜品指南','3','1天','每周一开','各地区','img-course/03.png','799.00','<P>话说有两个地方是我挪不动脚的，一个是图书馆，另外一个便是菜市场！ 每周有七天，留给自己的时间却很少。既要带儿子去上早教课，又要陪女儿上兴趣班，还要留一个半天带孩子们泡图书馆！ 有时真的觉得妈妈是这个世界上最伟大的职业，累，并快乐着！ 这个时节正是各类果蔬大量上市的时候，拖着买菜专用的小拉车，徜徉在人声鼎沸的菜市场，从海鲜区、肉类区再慢慢逛到我最喜爱的果蔬区，感受季节的变换带给人们餐桌上的喜悦………… </p>'),
(NULL,'1','菜品指南','4','1天','每周一开','各地区','img-course/04.png','799.00','<P>话说有两个地方是我挪不动脚的，一个是图书馆，另外一个便是菜市场！ 每周有七天，留给自己的时间却很少。既要带儿子去上早教课，又要陪女儿上兴趣班，还要留一个半天带孩子们泡图书馆！ 有时真的觉得妈妈是这个世界上最伟大的职业，累，并快乐着！ 这个时节正是各类果蔬大量上市的时候，拖着买菜专用的小拉车，徜徉在人声鼎沸的菜市场，从海鲜区、肉类区再慢慢逛到我最喜爱的果蔬区，感受季节的变换带给人们餐桌上的喜悦………… </p>'),
(NULL,'2','菜品指南','1','1天','每周一开','各地区','img-course/05.png','799.00','<P>话说有两个地方是我挪不动脚的，一个是图书馆，另外一个便是菜市场！ 每周有七天，留给自己的时间却很少。既要带儿子去上早教课，又要陪女儿上兴趣班，还要留一个半天带孩子们泡图书馆！ 有时真的觉得妈妈是这个世界上最伟大的职业，累，并快乐着！ 这个时节正是各类果蔬大量上市的时候，拖着买菜专用的小拉车，徜徉在人声鼎沸的菜市场，从海鲜区、肉类区再慢慢逛到我最喜爱的果蔬区，感受季节的变换带给人们餐桌上的喜悦………… </p>'),
(NULL,'3','菜品指南','2','1天','每周一开','各地区','img-course/06.png','799.00','<P>话说有两个地方是我挪不动脚的，一个是图书馆，另外一个便是菜市场！ 每周有七天，留给自己的时间却很少。既要带儿子去上早教课，又要陪女儿上兴趣班，还要留一个半天带孩子们泡图书馆！ 有时真的觉得妈妈是这个世界上最伟大的职业，累，并快乐着！ 这个时节正是各类果蔬大量上市的时候，拖着买菜专用的小拉车，徜徉在人声鼎沸的菜市场，从海鲜区、肉类区再慢慢逛到我最喜爱的果蔬区，感受季节的变换带给人们餐桌上的喜悦………… </p>'),
(NULL,'1','菜品指南','3','1天','每周一开','各地区','img-course/01.png','799.00','<P>话说有两个地方是我挪不动脚的，一个是图书馆，另外一个便是菜市场！ 每周有七天，留给自己的时间却很少。既要带儿子去上早教课，又要陪女儿上兴趣班，还要留一个半天带孩子们泡图书馆！ 有时真的觉得妈妈是这个世界上最伟大的职业，累，并快乐着！ 这个时节正是各类果蔬大量上市的时候，拖着买菜专用的小拉车，徜徉在人声鼎沸的菜市场，从海鲜区、肉类区再慢慢逛到我最喜爱的果蔬区，感受季节的变换带给人们餐桌上的喜悦………… </p>'),
(NULL,'2','菜品指南','4','1天','每周一开','各地区','img-course/02.png','799.00','<P>话说有两个地方是我挪不动脚的，一个是图书馆，另外一个便是菜市场！ 每周有七天，留给自己的时间却很少。既要带儿子去上早教课，又要陪女儿上兴趣班，还要留一个半天带孩子们泡图书馆！ 有时真的觉得妈妈是这个世界上最伟大的职业，累，并快乐着！ 这个时节正是各类果蔬大量上市的时候，拖着买菜专用的小拉车，徜徉在人声鼎沸的菜市场，从海鲜区、肉类区再慢慢逛到我最喜爱的果蔬区，感受季节的变换带给人们餐桌上的喜悦………… </p>'),
(NULL,'3','菜品指南','1','1天','每周一开','各地区','img-course/03.png','799.00','<P>话说有两个地方是我挪不动脚的，一个是图书馆，另外一个便是菜市场！ 每周有七天，留给自己的时间却很少。既要带儿子去上早教课，又要陪女儿上兴趣班，还要留一个半天带孩子们泡图书馆！ 有时真的觉得妈妈是这个世界上最伟大的职业，累，并快乐着！ 这个时节正是各类果蔬大量上市的时候，拖着买菜专用的小拉车，徜徉在人声鼎沸的菜市场，从海鲜区、肉类区再慢慢逛到我最喜爱的果蔬区，感受季节的变换带给人们餐桌上的喜悦………… </p>'),
(NULL,'1','菜品指南','2','1天','每周一开','各地区','img-course/04.png','799.00','<P>话说有两个地方是我挪不动脚的，一个是图书馆，另外一个便是菜市场！ 每周有七天，留给自己的时间却很少。既要带儿子去上早教课，又要陪女儿上兴趣班，还要留一个半天带孩子们泡图书馆！ 有时真的觉得妈妈是这个世界上最伟大的职业，累，并快乐着！ 这个时节正是各类果蔬大量上市的时候，拖着买菜专用的小拉车，徜徉在人声鼎沸的菜市场，从海鲜区、肉类区再慢慢逛到我最喜爱的果蔬区，感受季节的变换带给人们餐桌上的喜悦………… </p>'),
(NULL,'2','菜品指南','3','1天','每周一开','各地区','img-course/05.png','799.00','<P>话说有两个地方是我挪不动脚的，一个是图书馆，另外一个便是菜市场！ 每周有七天，留给自己的时间却很少。既要带儿子去上早教课，又要陪女儿上兴趣班，还要留一个半天带孩子们泡图书馆！ 有时真的觉得妈妈是这个世界上最伟大的职业，累，并快乐着！ 这个时节正是各类果蔬大量上市的时候，拖着买菜专用的小拉车，徜徉在人声鼎沸的菜市场，从海鲜区、肉类区再慢慢逛到我最喜爱的果蔬区，感受季节的变换带给人们餐桌上的喜悦………… </p>'),
(NULL,'3','菜品指南','4','1天','每周一开','各地区','img-course/06.png','799.00','<P>话说有两个地方是我挪不动脚的，一个是图书馆，另外一个便是菜市场！ 每周有七天，留给自己的时间却很少。既要带儿子去上早教课，又要陪女儿上兴趣班，还要留一个半天带孩子们泡图书馆！ 有时真的觉得妈妈是这个世界上最伟大的职业，累，并快乐着！ 这个时节正是各类果蔬大量上市的时候，拖着买菜专用的小拉车，徜徉在人声鼎沸的菜市场，从海鲜区、肉类区再慢慢逛到我最喜爱的果蔬区，感受季节的变换带给人们餐桌上的喜悦………… </p>');

/*购物车表*/
CREATE TABLE cart(
    ctid INT PRIMARY KEY AUTO_INCREMENT,/*购物车id*/
    userId INT      /*用户id*/
);

/*购物车详情表*/
CREATE TABLE cart_detail(
    did INT PRIMARY KEY AUTO_INCREMENT,/*详情id*/
    cartId INT,      /*购物车id*/
    courseId INT    /*课程id*/
);



